item_id,Gender,Product,Price,Name
BBBCAP50,BBB,CAP,50,ESTATE - W1073G1
BBBJN1150,BBB,JN1,150,ESTATE - W1073G1
BBBJNS100,BBB,JNS,100,MENS BELT/ G BY GUESS
BBBJNS150,BBB,JNS,150,MENS BELT/ G BY GUESS
BBBJNS288,BBB,JNS,288,MENS BELT/ G BY GUESS
BBBJNS300,BBB,JNS,300,MENS BELT/ G BY GUESS
BBBJNS304,BBB,JNS,304,mens g by guess belt
BBBJNS340,BBB,JNS,340,MENS BELT/ G BY GUESS
BBBJNS440,BBB,JNS,440,MENS BELT/ G BY GUESS
BBBJNS480,BBB,JNS,480,MENS BELT/ G BY GUESS
BBBOW21395,BBB,OW2,395,MENS BELT/ G BY GUESS
BBBPOL150,BBB,POL,150,MENS BELT / GBYGUESS
BBBSCK72,BBB,SCK,72,MENS BELT / G BY GUESS
BBBSR1100,BBB,SR1,100,MENS BELT/ G BY GUESS
BBBSR1320,BBB,SR1,320,MENS BELT/ G BY GUESS
BBBSR2240,BBB,SR2,240,MENS BELT/ G BY GUESS
BBBSR2272,BBB,SR2,272,MENS BELT/ G BY GUESS
BBBSR2300,BBB,SR2,300,leather inlay plq belt
BBBSR2340,BBB,SR2,340,MENS BELT / G BY GUESS
BBBTS1150,BBB,TS1,150,MENS BELT / G BY GUESS
BBBTS1199,BBB,TS1,199,MENS BELT / G BY GUESS
BBBTS175,BBB,TS1,175,MENS BELT / G BY GUESS
BBBTSH120,BBB,TSH,120,mens g by guess belt
BBBTSH138,BBB,TSH,138,g logo with buckle
BBBTSH158,BBB,TSH,158,"GGU1039 PLSTC, SCRIPT GBG LOGO"
BBBTSH160,BBB,TSH,160,MENS BELT / G BY GUESS
BBBTSH48,BBB,TSH,48,Ladie Belt G by Guess
BBBTSH590,BBB,TSH,590,Ladie Belt G by Guess
BBBTSH75,BBB,TSH,75,GGU1019 BLK-35
BBBTSH94,BBB,TSH,94,GGU1020 EYEWEAR
BBGCAP50,BBG,CAP,50,GGU1025 EYEWEAR
BBGDR1400,BBG,DR1,400,GGU1040 EYEWEAR
BBGDR2154,BBG,DR2,154,GGU1059 EYEWEAR
BBGDR2205,BBG,DR2,205,GGU1061 EYEWEAR
BBGDR2300,BBG,DR2,300,GGU1065 EYEWEAR
BBGDR2380,BBG,DR2,380,GGU1067 EYEWEAR
BBGDRS205,BBG,DRS,205,GGU1071 EYEWEAR
BBGDRS50,BBG,DRS,50,GGU1075 EYEWEAR
BBGDRS75,BBG,DRS,75,GGU1086 EYEWEAR
BBGJKT100,BBG,JKT,100,mens g by guess belt
BBGJN1100,BBG,JN1,100,leather inlay plq belt
BBGJN1120,BBG,JN1,120,MENS BELT / G BY GUESS
BBGJN1320,BBG,JN1,320,MENS BELT / G BY GUESS
BBGJNS272,BBG,JNS,272,ladies g by guess belt
BBGJNS300,BBG,JNS,300,GGU1034 EYEWEAR
BBGJNS320,BBG,JNS,320,GGU1035 EYEWEAR
BBGKNT200,BBG,KNT,200,GGU1059 EYEWEAR
BBGKNT240,BBG,KNT,240,GGU1071 EYEWEAR
BBGPNT127,BBG,PNT,127,GGU1084 EYEWEAR
BBGSCK50,BBG,SCK,50,GGU2008 EYEWEAR
BBGSET50,BBG,SET,50,GGU2023 EYEWEAR
BBGSH1200,BBG,SH1,200,GGU2024 EYEWEAR
BBGSH1300,BBG,SH1,300,GGU2021 MTL CROSS LOGO PLAQUE
BBGSH1340,BBG,SH1,340,GGU2024 EYEWEAR
BBGSH2360,BBG,SH2,360,GGU2030 EYEWEAR
BBGSK1166,BBG,SK1,166,GGU2033 EYEWEAR
BBGSK1300,BBG,SK1,300,GGU2044 EYEWEAR
BBGSK280,BBG,SK2,280,GGU2052 EYEWEAR
BBGSR1340,BBG,SR1,340,G by Guess Sun pouch
BBGTS1100,BBG,TS1,100,MENS BELT/G BY GUESS
BBGTSH118,BBG,TSH,118,MENS BELT/ G BY GUESS
BBGTSH120,BBG,TSH,120,MENS BELT/ G BY GUESS
BBGTSH138,BBG,TSH,138,MENS BELT/ G BY GUESS
BBGTSH158,BBG,TSH,158,mens g by guess belt
BBGTSH178,BBG,TSH,178,mens g by guess belt
BBGTSH198,BBG,TSH,198,GGU1084 EYEWEAR
BBGTSH240,BBG,TSH,240,GGU1089 EYEWEAR
FEMBAG100,FEM,BAG,100,GGU2026 P OVRSZD NAV MTL LOGO
FEMBAG1039,FEM,BAG,39,GGU2046 EYEWEAR
FEMBAG1087,FEM,BAG,87,GGU2048 EYEWEAR
FEMBAG1099,FEM,BAG,99,GGU2057 EYEWEAR
FEMBAG1119,FEM,BAG,119,G BY GUESS BAG PACK
FEMBAG1160,FEM,BAG,160,"GGU2034 SHIELD, PLSTC TMP"
FEMBAG1199,FEM,BAG,199,GGU2036 RIMLESS PLSTC TEMP
FEMBAG1200,FEM,BAG,200,GGU2044 EYEWEAR
FEMBAG1279,FEM,BAG,279,GGU2046 EYEWEAR
FEMBAG1299,FEM,BAG,299,GGU2048 EYEWEAR
FEMBAG1359,FEM,BAG,359,G by Guess Box with Handle
FEMBAG1399,FEM,BAG,399,GUESS PULSE CARD
FEMBAG1439,FEM,BAG,439,SUZETTE SUPERSKINNY JEAN
FEMBAG1499,FEM,BAG,499,SUZETTE SUPERSKINNY JEAN
FEMBAG150,FEM,BAG,150,SUZETTE SUPERSKINNY JEAN
FEMBAG1599,FEM,BAG,599,SUZETTE SUPERSKINNY JEAN
FEMBAG1699,FEM,BAG,699,SUZETTE SUPERSKINNY JEAN
FEMBAG1799,FEM,BAG,799,G by Guess Headphones
FEMBAG1899,FEM,BAG,899,THE LULU SEQUIN LEGGINGS
FEMBAG1999,FEM,BAG,999,SUZETTE SUPERSKINNY JEAN
FEMBAG2040,FEM,BAG,40,SUZETTE SUPERSKINNY JEAN
FEMBAG300,FEM,BAG,300,SUZETTE SUPERSKINNY JEAN
FEMBAG3758,FEM,BAG,758,SUZETTE SUPERSKINNY JEAN
FEMBAG400,FEM,BAG,400,EVA SKINNY
FEMBAG4238,FEM,BAG,238,THE LULU SEQUIN LEGGINGS
FEMBAG500,FEM,BAG,500,THE LULU SEQUIN LEGGINGS
FEMBAG600,FEM,BAG,600,CARRIE CARGO SKINNY
FEMBAG700,FEM,BAG,700,SUZETTE SUPERSKINNY JEAN
FEMBAG703,FEM,BAG,703,SUZETTE SUPERSKINNY JEAN
FEMBAG799,FEM,BAG,799,mens g by guess belt
FEMBAG829,FEM,BAG,829,MENS BELT / GBYGUESS
FEMBAG900,FEM,BAG,900,mens g by guess belt
FEMBAG999,FEM,BAG,999,mens g by guess belt
FEMBLT100,FEM,BLT,100,mens g by guess belt
FEMDR1592,FEM,DR1,592,Ladie Belt G by Guess
FEMDR2300,FEM,DR2,300,ladies belt
FEMDR2589,FEM,DR2,589,GGU1022N EYEWEAR
FEMDR2700,FEM,DR2,700,GGU1059 EYEWEAR
FEMDRS100,FEM,DRS,100,GGU1065 EYEWEAR
FEMDRS150,FEM,DRS,150,GGU1074 EYEWEAR
FEMDRS200,FEM,DRS,200,GGU1086 EYEWEAR
FEMDRS300,FEM,DRS,300,GGU2021 MTL CROSS LOGO PLAQUE
FEMDRS500,FEM,DRS,500,GGU2022 MTL AVIATOR & LOGO PLA
FEMDRS75,FEM,DRS,75,GGU2030 EYEWEAR
FEMEYE400,FEM,EYE,400,GGU2031 EYEWEAR
FEMJEW100,FEM,JEW,100,GGU2032 EYEWEAR
FEMJEW1498,FEM,JEW,498,"GGU2034 SHIELD, PLSTC TMP"
FEMJEW150,FEM,JEW,150,GGU2036 RIMLESS PLSTC TEMP
FEMJEW200,FEM,JEW,200,SWAGGER FLARE
FEMJEW599,FEM,JEW,599,SWAGGER FLARE
FEMJEW75,FEM,JEW,75,SWAGGER FLARE
FEMJKT100,FEM,JKT,100,EVA SKINNY JEAN
FEMJKT150,FEM,JKT,150,EVA SKINNY
FEMJKT200,FEM,JKT,200,EVA SKINNY
FEMJKT250,FEM,JKT,250,EVA SKINNY
FEMJKT300,FEM,JKT,300,SUZETTE SUPERSKINNY JEAN
FEMJKT416,FEM,JKT,416,SUZETTE SUPERSKINNY JEAN
FEMJKT500,FEM,JKT,500,SUZETTE SUPERSKINNY JEAN
FEMJKT75,FEM,JKT,75,SUZETTE SUPERSKINNY JEAN
FEMJN1100,FEM,JN1,100,SUZETTE SUPERSKINNY JEAN
FEMJN1150,FEM,JN1,150,SWAGGER FLARE
FEMJN1200,FEM,JN1,200,GGU2037 EYEWEAR
FEMJN1300,FEM,JN1,300,GGU2039 EYEWEAR
FEMJNS100,FEM,JNS,100,GGU2068 EYEWEAR
FEMJNS150,FEM,JNS,150,GGU2068 EYEWEAR
FEMJNS1649,FEM,JNS,649,G BY GUESS BAG PACK
FEMJNS200,FEM,JNS,200,SUZETTE SUPERSKINNY JEAN
FEMJNS262,FEM,JNS,262,Suzette Super Skinny
FEMJNS300,FEM,JNS,300,EVA SKINNY
FEMJNS304,FEM,JNS,304,EVA SKINNY
FEMJNS3498,FEM,JNS,498,Eva Skinny
FEMJNS380,FEM,JNS,380,Eva Skinny
FEMJNS389,FEM,JNS,389,Sahara Trouser
FEMJNS400,FEM,JNS,400,Sahara Trouser
FEMJNS415,FEM,JNS,415,Chella Crinkle Charm Pant
FEMJNS450,FEM,JNS,450,GEORGINA PANT
FEMJNS50,FEM,JNS,50,EVA SKINNY JEAN
FEMJNS500,FEM,JNS,500,EVA SKINNY JEAN
FEMJNS544,FEM,JNS,544,EVA SKINNY
FEMJNS560,FEM,JNS,560,Sahara Trouser
FEMJNS576,FEM,JNS,576,Sahara Trouser
FEMJNS600,FEM,JNS,600,Blake Super Skinny
FEMJNS660,FEM,JNS,660,Suzette Super Skinny-GSMU
FEMJNS680,FEM,JNS,680,ELLIOT STRAIGHT JEAN
FEMJNS700,FEM,JNS,700,ELLIOT STRAIGHT JEAN
FEMJNS740,FEM,JNS,740,Elliot Straight Leg
FEMJNS75,FEM,JNS,75,Elliot Straight Leg
FEMJNS760,FEM,JNS,760,Elliot Straight Leg
FEMJNS780,FEM,JNS,780,Suzette Super Skinny-GRRI
FEMJNS800,FEM,JNS,800,ELLIOT STRAIGHT JEAN
FEMJNS880,FEM,JNS,880,ELLIOT STRAIGHT JEAN
FEMKNT100,FEM,KNT,100,ELLIOT STRAIGHT JEAN
FEMKNT150,FEM,KNT,150,Elliot Straight Leg
FEMKNT184,FEM,KNT,184,Elliot Straight Leg
FEMKNT200,FEM,KNT,200,Mia Straight
FEMKNT260,FEM,KNT,260,Britta Cuffed Capri
FEMKNT277,FEM,KNT,277,Suzette Superskinny-Coated
FEMKNT300,FEM,KNT,300,Suzette Superskinny-City Sleek
FEMKNT340,FEM,KNT,340,Double Zip Suzette
FEMKNT358,FEM,KNT,358,Eva Skinny
FEMKNT399,FEM,KNT,399,Elliot Straight Leg
FEMKNT400,FEM,KNT,400,Mia Straight
FEMKNT416,FEM,KNT,416,Britta Cuffed Capri
FEMKNT464,FEM,KNT,464,Booti-fy SUPERSKINNY
FEMKNT500,FEM,KNT,500,Booti-fy SUPERSKINNY
FEMKNT580,FEM,KNT,580,Suzette Superskinny-Coated
FEMKNT75,FEM,KNT,75,SWAGGER FLARE
FEMOW1150,FEM,OW1,150,EVA SKINNY JEAN
FEMOW1240,FEM,OW1,240,EVA SKINNY JEAN
FEMOW1400,FEM,OW1,400,EVA SKINNY JEAN
FEMOW1900,FEM,OW1,900,EVA SKINNY
FEMOW2100,FEM,OW2,100,EVA SKINNY
FEMOW22998,FEM,OW2,998,EVA SKINNY
FEMOW3400,FEM,OW3,400,SUZETTE SUPERSKINNY JEAN
FEMPNT700,FEM,PNT,700,SUZETTE SUPERSKINNY JEAN
FEMPNT740,FEM,PNT,740,SUZETTE SUPERSKINNY JEAN
FEMPOL100,FEM,POL,100,SUZETTE SUPERSKINNY JEAN
FEMPOL1998,FEM,POL,998,SWAGGER FLARE
FEMPOL660,FEM,POL,660,EVA SKINNY JEAN
FEMPOL999,FEM,POL,999,Eva Skinny
FEMSH1200,FEM,SH1,200,Eva Skinny
FEMSH1250,FEM,SH1,250,Charleston Capri
FEMSH1480,FEM,SH1,480,Sahara Trouser
FEMSH1500,FEM,SH1,500,Sahara Trouser
FEMSH2200,FEM,SH2,200,Chella Crinkle Charm Pant
FEMSH2400,FEM,SH2,400,Celeste Super Skinny
FEMSH2600,FEM,SH2,600,ELLIOT STRAIGHT
FEMSHO100,FEM,SHO,100,ELLIOT STRAIGHT
FEMSHO150,FEM,SHO,150,ELLIOT STRAIGHT JEAN
FEMSHO200,FEM,SHO,200,ELLIOT STRAIGHT JEAN
FEMSHS150,FEM,SHS,150,ELLIOT STRAIGHT
FEMSHS200,FEM,SHS,200,Mia Straight
FEMSHS300,FEM,SHS,300,Britta Cuffed Capri
FEMSHS499,FEM,SHS,499,Suzette Superskinny-Coated
FEMSHS719,FEM,SHS,719,Double Zip Suzette
FEMSHS75,FEM,SHS,75,Double Zip Suzette
FEMSHT100,FEM,SHT,100,Betty Straight
FEMSHT150,FEM,SHT,150,POWER SKINNY SUIT - TROUSER
FEMSHT200,FEM,SHT,200,BRIGITTE HI-RISE BELTED SKINNY
FEMSHT218,FEM,SHT,218,Eva Skinny
FEMSHT250,FEM,SHT,250,SUZETTE BOLD SUPER SKINNY
FEMSHT300,FEM,SHT,300,HOLIDAZED SUZETTE SUPERSKINNY
FEMSHT400,FEM,SHT,400,HOLIDAZED SUZETTE SUPERSKINNY
FEMSHT75,FEM,SHT,75,BRIGITTE HI-RISE BELTED SKINNY
FEMSK2100,FEM,SK2,100,SUZETTE MELLOW SUPERSKINNY
FEMSK2300,FEM,SK2,300,CYNTHIA CUFFED CAPRI
FEMSKT100,FEM,SKT,100,PIN-UP PENCIL SKINNY
FEMSKT150,FEM,SKT,150,SUZETTE MELLOW SUPERSKINNY
FEMSKT200,FEM,SKT,200,SUZETTE MELLOW SUPERSKINNY
FEMSKT300,FEM,SKT,300,ZIP PKT ANKLE SKINNY
FEMSR1100,FEM,SR1,100,SUZETTE DIP DYED SUPERSKINNY
FEMSR1150,FEM,SR1,150,BRIGITTE HI-RISE BELTED SKINNY
FEMSR1200,FEM,SR1,200,BRIGITTE HI-RISE BELTED SKINNY
FEMSR1400,FEM,SR1,400,SUZETTE MELLOW SUPERSKINNY
FEMSR1461,FEM,SR1,461,SUZETTE DIP DYED SUPERSKINNY
FEMSR2100,FEM,SR2,100,SUZETTE DIP DYED SUPERSKINNY
FEMSR2150,FEM,SR2,150,PULL-ON SUPERSKINNY COLORCUFF
FEMSR2200,FEM,SR2,200,SUZETTE DIP DYED SUPERSKINNY
FEMSR2250,FEM,SR2,250,SUZETTE DIP DYED SUPERSKINNY
FEMSR2300,FEM,SR2,300,SUZETTE DIP DYED SUPERSKINNY
FEMSR2307,FEM,SR2,307,TUXEDO SUPERSKINNY (ALBINO)
FEMSR2384,FEM,SR2,384,TUXEDO SUPERSKINNY (ALBINO)
FEMSR2400,FEM,SR2,400,TUXEDO SUPERSKINNY (ALBINO)
FEMSR2480,FEM,SR2,480,PULL-ON SUPERSKINNY COLORCUFF
FEMSR2500,FEM,SR2,500,TUXEDO SUPERSKINNY (ALBINO)
FEMSR2560,FEM,SR2,560,EVA SKINNY
FEMSR2640,FEM,SR2,640,JASLYN JEGGING
FEMSR2660,FEM,SR2,660,SUZETTE SUPERSKINNY
FEMTSH100,FEM,TSH,100,SUZETTE SUPERSKINNY
FEMTSH120,FEM,TSH,120,BOOTI-FY CAPRI
FEMTSH123,FEM,TSH,123,EVA SKINNY
FEMTSH140,FEM,TSH,140,EVA SKINNY
FEMTSH142,FEM,TSH,142,SUZETTE SUPERSKINNY
FEMTSH1498,FEM,TSH,498,SUZETTE SUPERSKINNY
FEMTSH150,FEM,TSH,150,SUZETTE CAMOFLAUGE SKINNY
FEMTSH154,FEM,TSH,154,SUZETTE CAMOFLAUGE SKINNY
FEMTSH158,FEM,TSH,158,EVA SKINNY JEAN
FEMTSH179,FEM,TSH,179,Sahara Trouser
FEMTSH1898,FEM,TSH,898,Chella Crinkle Charm Pant
FEMTSH192,FEM,TSH,192,Suzette Super Skinny-GRRI
FEMTSH198,FEM,TSH,198,ELLIOT STRAIGHT
FEMTSH200,FEM,TSH,200,ELLIOT STRAIGHT JEAN
FEMTSH208,FEM,TSH,208,SUZETTE SUPERSKINNY COLORSOFT
FEMTSH224,FEM,TSH,224,SUZETTE SUPERSKINNY
FEMTSH240,FEM,TSH,240,SUZETTE SUPERSKINNY MATTE PRPL
FEMTSH260,FEM,TSH,260,SUZETTE SUPERSKINNY MATTE PRPL
FEMTSH280,FEM,TSH,280,SUZETTE BLK COATED SKINNY
FEMTSH288,FEM,TSH,288,SUZETTE BLK COATED SKINNY
FEMTSH300,FEM,TSH,300,ELLIOT STRAIGHT JEAN
FEMTSH320,FEM,TSH,320,Britta Super Skinny
FEMTSH340,FEM,TSH,340,Booti-fy SUPERSKINNY
FEMTSH380,FEM,TSH,380,Suzette Superskinny-Coated
FEMTSH400,FEM,TSH,400,Double Zip Suzette
FEMTSH460,FEM,TSH,460,BRIGITTE HI-RISE BELTED SKINNY
FEMTSH50,FEM,TSH,50,SUZETTE SUPERSKINNY
FEMTSH75,FEM,TSH,75,SUZETTE SUPERSKINNY MATTE BLU
FEMTSH849,FEM,TSH,849,SUZETTE BLK COATED SKINNY
FEMTSH96,FEM,TSH,96,SUZETTE BLK COATED SKINNY
FEMVST100,FEM,VST,100,SUZETTE GLAZED SUPERSKINNY
FEMVST150,FEM,VST,150,SUZETTE GLAZED SUPERSKINNY
FEMVST200,FEM,VST,200,BRIGITTE HI-RISE BELTED SKINNY
FEMVST250,FEM,VST,250,BRIGITTE HI-RISE BELTED SKINNY
FEMVST640,FEM,VST,640,ZIP PKT ANKLE SKINNY
FEMWCH1499,FEM,WCH,499,SUZETTE DIP DYED SUPERSKINNY
FEMWCH2199,FEM,WCH,199,SUZETTE DIP DYED SUPERSKINNY
FEMWCH2399,FEM,WCH,399,SUZETTE DIP DYED SUPERSKINNY
FEMWCH3116,FEM,WCH,116,SUZETTE DIP DYED SUPERSKINNY
FEMWLT100,FEM,WLT,100,SUZETTE DIP DYED SUPERSKINNY
FEMWLT150,FEM,WLT,150,PULL-ON SUPERSKINNY COLORCUFF
FEMWLT300,FEM,WLT,300,TUXEDO SUPERSKINNY (ALBINO)
FEMWLT306,FEM,WLT,306,TUXEDO SUPERSKINNY (ALBINO)
FEMWLT383,FEM,WLT,383,EVA SKINNY
FEMWLT399,FEM,WLT,399,EVA SKINNY
FEMWLT400,FEM,WLT,400,SUZETTE SUPERSKINNY
FEMWLT479,FEM,WLT,479,SUZETTE SUPERSKINNY
FEMWLT499,FEM,WLT,499,SUZETTE SUPERSKINNY
FEMWLT500,FEM,WLT,500,SUZETTE SUPERSKINNY
FEMWLT559,FEM,WLT,559,SUZETTE SUPERSKINNY
FEMWLT599,FEM,WLT,599,SUZETTE SUPERSKINNY MATTE WT
FEMWLT699,FEM,WLT,699,SUZETTE GLAZED SUPERSKINNY
FEMWLT700,FEM,WLT,700,SUZETTE BAROQUE SUPERSKINNY-IN
FEMWLT799,FEM,WLT,799,SUZETTE BAROQUE SUPERSKINNY-BI
KDBJN1100,KDB,JN1,100,NIGHTWATCHER SUPERSKINNY
KDBJNS100,KDB,JNS,100,JESSIE KNIT SKINNY
KDBJNS120,KDB,JNS,120,JULLIANE SKINNY JOGGER
KDBJNS150,KDB,JNS,150,SUZETTE SUPERSKINNY MATTE WT
KDBJNS320,KDB,JNS,320,SUZETTE SUPERSKINNY MATTE BLU
KDBJNS400,KDB,JNS,400,SUZETTE SUPERSKINNY MATTE BLU
KDBJNS500,KDB,JNS,500,SUZETTE BLK COATED SKINNY
KDBKNT400,KDB,KNT,400,SUZETTE GLAZED SUPERSKINNY
KDBOW1512,KDB,OW1,512,SUZETTE BAROQUE SUPERSKINNY-IN
KDBPT280,KDB,PT2,280,SUZETTE BAROQUE SUPERSKINNY-BK
KDBSR1100,KDB,SR1,100,SUZETTE BAROQUE SUPERSKINNY-BI
KDBSR1500,KDB,SR1,500,NIGHTWATCHER SUPERSKINNY
KDBSR2304,KDB,SR2,304,JESSIE KNIT SKINNY
KDBSR2340,KDB,SR2,340,SUZETTE BLK COATED SKINNY
KDBSR2380,KDB,SR2,380,JULLIANE SKINNY JOGGER
KDBSR2400,KDB,SR2,400,SUZETTE BLK COATED SKINNY
KDBTS1100,KDB,TS1,100,SUZETTE GLAZED SUPERSKINNY
KDBTS1176,KDB,TS1,176,SUZETTE GLAZED SUPERSKINNY
KDBTS1190,KDB,TS1,190,SUZETTE GLAZED SUPERSKINNY
KDBTSH138,KDB,TSH,138,SUZETTE GLAZED SUPERSKINNY
KDBTSH158,KDB,TSH,158,SUZETTE GLAZED SUPERSKINNY
KDBTSH198,KDB,TSH,198,SUZETTE BAROQUE SUPERSKINNY-IN
KDBTSH220,KDB,TSH,220,SUZETTE BAROQUE SUPERSKINNY-IN
KDBTSH790,KDB,TSH,790,SUZETTE BAROQUE SUPERSKINNY-IN
KDGBL350,KDG,BL3,350,SUZETTE BAROQUE SUPERSKINNY-BK
KDGBL6100,KDG,BL6,100,SUZETTE BAROQUE SUPERSKINNY-BK
KDGDR1380,KDG,DR1,380,SUZETTE BAROQUE SUPERSKINNY-BK
KDGDR1460,KDG,DR1,460,SUZETTE BAROQUE SUPERSKINNY-BI
KDGDR2150,KDG,DR2,150,SUZETTE BAROQUE SUPERSKINNY-BI
KDGDR2216,KDG,DR2,216,SUZETTE BAROQUE SUPERSKINNY-BI
KDGDR2300,KDG,DR2,300,SUZETTE BAROQUE SUPERSKINNY-BI
KDGDR2380,KDG,DR2,380,NIGHTWATCHER SUPERSKINNY
KDGDR2400,KDG,DR2,400,NIGHTWATCHER SUPERSKINNY
KDGJKT200,KDG,JKT,200,NIGHTWATCHER SUPERSKINNY
KDGJKT499,KDG,JKT,499,JESSIE KNIT SKINNY
KDGJN1100,KDG,JN1,100,JESSIE KNIT SKINNY
KDGJN1120,KDG,JN1,120,SUZETTE BLK COATED SKINNY
KDGJN1200,KDG,JN1,200,PEPPY LEGGING
KDGJN150,KDG,JN1,150,JULLIANE SKINNY JOGGER
KDGJN175,KDG,JN1,175,SUZETTE DIP DYED SUPERSKINNY
KDGJN180,KDG,JN1,180,PULL-ON SUPERSKINNY COLORCUFF
KDGJNS120,KDG,JNS,120,PULL-ON SUPERSKINNY COLORCUFF
KDGJNS150,KDG,JNS,150,STACIE STUDDED SUPERSKINNY
KDGJNS320,KDG,JNS,320,TUXEDO SUPERSKINNY (ALBINO)
KDGJNS500,KDG,JNS,500,TUXEDO SUPERSKINNY
KDGKNT144,KDG,KNT,144,JULLIANE SKINNY JOGGER
KDGKNT150,KDG,KNT,150,JULLIANE SKINNY JOGGER
KDGKNT240,KDG,KNT,240,Pamela Knit Short
KDGKNT260,KDG,KNT,260,Pamela Knit Short
KDGKNT280,KDG,KNT,280,Dion Short
KDGKNT300,KDG,KNT,300,JESSIE KNIT SKINNY
KDGKNT340,KDG,KNT,340,JULLIANE SKINNY JOGGER
KDGKNT360,KDG,KNT,360,Pamela Knit Short
KDGPT2100,KDG,PT2,100,Kay Dressy Short
KDGPT2150,KDG,PT2,150,Kay Dressy Short
KDGPT2200,KDG,PT2,200,Kay Dressy Short
KDGSH1150,KDG,SH1,150,JASLYN JEGGING
KDGSH1340,KDG,SH1,340,MILIVAN VERTICAL STRIPE LOGO
KDGSH1400,KDG,SH1,400,JULLIANE SKINNY JOGGER
KDGSK1150,KDG,SK1,150,JULLIANE SKINNY JOGGER
KDGTS1138,KDG,TS1,138,Libby Short
KDGTS175,KDG,TS1,175,Pamela Knit Short
KDGTSH152,KDG,TSH,152,Dion Short
KDGTSH158,KDG,TSH,158,Kay Dressy Short
KDGTSH178,KDG,TSH,178,SUZETTE BLK COATED SKINNY
KDGTSH198,KDG,TSH,198,BOOTI-FY CAPRI
KDGTSH280,KDG,TSH,280,BOOTI-FY CAPRI
LYBLDS200,LYB,LDS,200,BOOTI-FY CAPRI
MLEBAG1399,MLE,BAG,399,BOOTI-FY SUPERSKINNY
MLEBAG699,MLE,BAG,699,EVA SKINNY
MLEBAG999,MLE,BAG,999,EVA SKINNY
MLEBLT100,MLE,BLT,100,SUZETTE SUPERSKINNY
MLEBLT150,MLE,BLT,150,DESTROYED LACE LEGGING
MLEBLT300,MLE,BLT,300,KATERINA PU SECTION LEGGING
MLEBLT400,MLE,BLT,400,EVA DESTROY SKINNY
MLEBLT624,MLE,BLT,624,EVA DESTROY SKINNY
MLEBLT699,MLE,BLT,699,Celeste Cuffed Short
MLECAP100,MLE,CAP,100,Celeste Cuffed Short
MLEEYE150,MLE,EYE,150,DESTROYED LACE LEGGING
MLEJKT150,MLE,JKT,150,DESTROYED LACE LEGGING
MLEJKT200,MLE,JKT,200,KATERINA PU SECTION LEGGING
MLEJKT306,MLE,JKT,306,EVA DESTROY SKINNY
MLEJN1100,MLE,JN1,100,EVA DESTROY SKINNY
MLEJN1200,MLE,JN1,200,Dion Short
MLEJNS100,MLE,JNS,100,Charleen Short-GSMU
MLEJNS1000,MLE,JNS,0,Pat Pinstripe Short Suit
MLEJNS1499,MLE,JNS,499,GIMLET SHORT
MLEJNS150,MLE,JNS,150,RILEY ROLLED BERMUDA
MLEJNS1849,MLE,JNS,849,RILEY ROLLED BERMUDA
MLEJNS200,MLE,JNS,200,DYANNE DIP DYED SHORT
MLEJNS262,MLE,JNS,262,DYANNE DIP DYED SHORT
MLEJNS300,MLE,JNS,300,EVA DESTROY SKINNY
MLEJNS328,MLE,JNS,328,EVA DESTROY SKINNY
MLEJNS400,MLE,JNS,400,SUZETTE BAR STRIPE SUPERSKINNY
MLEJNS410,MLE,JNS,410,SUZETTE BAR STRIPE SUPERSKINNY
MLEJNS499,MLE,JNS,499,Celeste Cuffed Short
MLEJNS500,MLE,JNS,500,Charleen Short-DWA
MLEJNS512,MLE,JNS,512,Dion Short
MLEJNS542,MLE,JNS,542,Charleen Short-GSMU
MLEJNS549,MLE,JNS,549,Pat Pinstripe Short Suit
MLEJNS560,MLE,JNS,560,RILEY ROLLED BERMUDA
MLEJNS592,MLE,JNS,592,RILEY ROLLED BERMUDA
MLEJNS600,MLE,JNS,600,DYANNE DIP DYED SHORT
MLEJNS624,MLE,JNS,624,Pat Pinstripe Short Suit
MLEJNS640,MLE,JNS,640,Pat Pinstripe Short Suit
MLEJNS700,MLE,JNS,700,Weena Short
MLEJNS720,MLE,JNS,720,Herriott Short
MLEJNS740,MLE,JNS,740,CORA KNIT SHORT
MLEJNS780,MLE,JNS,780,CORA KNIT SHORT
MLEJNS784,MLE,JNS,784,CORA KNIT SHORT
MLEJNS799,MLE,JNS,799,HIGH WAIST FRAY SHORT
MLEJNS800,MLE,JNS,800,GIMLET SHORT
MLEJNS840,MLE,JNS,840,DYANNE DIP DYED SHORT
MLEJNS860,MLE,JNS,860,DYANNE DIP DYED SHORT
MLEJNS880,MLE,JNS,880,DYANNE DIP DYED SHORT
MLEJNS900,MLE,JNS,900,"GINA 5"""""""" TWILL SHORT"
MLEJNS940,MLE,JNS,940,"GINA 5"""""""" TWILL SHORT"
MLEJNS980,MLE,JNS,980,SUZETTE SUPERSKINNY
MLEKNT194,MLE,KNT,194,SUZETTE SUPERSKINNY MATTE WT
MLEKNT2498,MLE,KNT,498,SUZETTE SUPERSKINNY MATTE BLU
MLEKNT2698,MLE,KNT,698,SUZETTE SUPERSKINNY MATTE BLU
MLEKNT320,MLE,KNT,320,SUZETTE SUPERSKINNY MATTE BLU
MLEKNT380,MLE,KNT,380,SUZETTE GLAZED SUPERSKINNY
MLEKNT400,MLE,KNT,400,DYANNE DIP DYED SHORT
MLEKNT460,MLE,KNT,460,"GINA 5"""""""" TWILL SHORT"
MLEKNT500,MLE,KNT,500,CARLOTTA STRIPED HW SHORT
MLEKNT540,MLE,KNT,540,CARLOTTA STRIPED HW SHORT
MLEKNT990,MLE,KNT,990,CARLOTTA STRIPED HW SHORT
MLEOW11180,MLE,OW1,180,STACIE STUDDED SHORT
MLEOW1736,MLE,OW1,736,SUZETTE GLAZED SUPERSKINNY
MLEOW1980,MLE,OW1,980,SUZETTE GLAZED SUPERSKINNY
MLEOW21749,MLE,OW2,749,SUZETTE GLAZED SUPERSKINNY
MLEOW21849,MLE,OW2,849,SUZETTE BAROQUE SUPERSKINNY-IN
MLEOW2200,MLE,OW2,200,SUZETTE BAROQUE SUPERSKINNY-IN
MLEOW2780,MLE,OW2,780,SUZETTE BAROQUE SUPERSKINNY-IN
MLEPNT200,MLE,PNT,200,CARLOTTA STRIPED HW SHORT
MLEPOL300,MLE,POL,300,STACIE STUDDED SHORT
MLEPOL352,MLE,POL,352,STACIE STUDDED SHORT
MLEPOL384,MLE,POL,384,SUZETTE BAR STRIPE SUPERSKINNY
MLEPOL440,MLE,POL,440,SUZETTE BAR STRIPE SUPERSKINNY
MLEPOL480,MLE,POL,480,LACINDA CAPRI
MLESCK50,MLE,SCK,50,STACIE STUDDED SHORT
MLESH2300,MLE,SH2,300,DAMSEL HIGH RISE SHORTY
MLESH2358,MLE,SH2,358,DAMSEL HIGH RISE SHORTY
MLESH2600,MLE,SH2,600,EVA DESTROY SKINNY
MLESHT100,MLE,SHT,100,SUZETTE BAR STRIPE SUPERSKINNY
MLESHT150,MLE,SHT,150,SUZETTE BAR STRIPE SUPERSKINNY
MLESHT200,MLE,SHT,200,EVA DESTROY SKINNY
MLESHT300,MLE,SHT,300,SUZETTE BAR STRIPE SUPERSKINNY
MLESHT400,MLE,SHT,400,SUZETTE BAR STRIPE SUPERSKINNY
MLESHT680,MLE,SHT,680,SUZETTE BAR STRIPE SUPERSKINNY
MLESR1200,MLE,SR1,200,SYBIL ZIP ANKLE SKINNY
MLESR1400,MLE,SR1,400,LACINDA CAPRI
MLESR1680,MLE,SR1,680,SUZETTE BAROQUE SUPERSKINNY-BK
MLESR1700,MLE,SR1,700,SUZETTE BAROQUE SUPERSKINNY-BK
MLESR2150,MLE,SR2,150,NIGHTWATCHER SUPERSKINNY
MLESR2200,MLE,SR2,200,SUZETTE BLK COATED SKINNY
MLESR22798,MLE,SR2,798,SUZETTE BLK COATED SKINNY
MLESR22898,MLE,SR2,898,SUZETTE BLK COATED SKINNY
MLESR22998,MLE,SR2,998,SYBIL ZIP ANKLE SKINNY
MLESR2300,MLE,SR2,300,SYBIL ZIP ANKLE SKINNY
MLESR2328,MLE,SR2,328,LACINDA CAPRI
MLESR23298,MLE,SR2,298,DAMSEL HIGH RISE SHORTY
MLESR2348,MLE,SR2,348,DAMSEL HIGH RISE SHORTY
MLESR23698,MLE,SR2,698,ZIP POCKET SHORTY
MLESR2480,MLE,SR2,480,ZIP POCKET SHORTY
MLESR2640,MLE,SR2,640,ZIP POCKET SHORTY
MLETSH100,MLE,TSH,100,ZIP POCKET SHORTY
MLETSH1298,MLE,TSH,298,ZIP POCKET SHORTY
MLETSH1398,MLE,TSH,398,ZIP POCKET SHORTY
MLETSH1498,MLE,TSH,498,FRILLY SHORT
MLETSH150,MLE,TSH,150,FRILLY SHORT
MLETSH192,MLE,TSH,192,LACINDA CAPRI
MLETSH200,MLE,TSH,200,LACINDA CAPRI
MLETSH208,MLE,TSH,208,ZIP PKT ANKLE SKINNY
MLETSH224,MLE,TSH,224,STACIE STUDDED SHORT
MLETSH2298,MLE,TSH,298,DAMSEL HIGH RISE SHORTY
MLETSH240,MLE,TSH,240,ZIP POCKET SHORTY
MLETSH260,MLE,TSH,260,ZIP POCKET SHORTY
MLETSH280,MLE,TSH,280,DYANNE DIP DYED SHORT
MLETSH300,MLE,TSH,300,"GINA 5"""""""" TWILL SHORT"
MLETSH320,MLE,TSH,320,"GINA 5"""""""" TWILL SHORT"
MLETSH340,MLE,TSH,340,DAMSEL HIGH RISE SHORTY
MLETSH380,MLE,TSH,380,DAMSEL HIGH RISE SHORTY
MLETSH399,MLE,TSH,399,FRILLY SHORT
MLETSH400,MLE,TSH,400,DESTROYED LACE LEGGING
MLETSH495,MLE,TSH,495,JASLYN JEGGING
MLETSH540,MLE,TSH,540,KATERINA PU SECTION LEGGING
MLETSH649,MLE,TSH,649,EVA DESTROY SKINNY
MLETSH699,MLE,TSH,699,Pamela Knit Short
MLETSH749,MLE,TSH,749,Pamela Knit Short
MLETSH799,MLE,TSH,799,Ashley Bermuda
MLETSH990,MLE,TSH,990,Dion Short
MLEWLT100,MLE,WLT,100,Dion Short
MLEWLT150,MLE,WLT,150,Kay Dressy Short
MLEWLT300,MLE,WLT,300,Herriott Short
MLEWLT399,MLE,WLT,399,EVA DESTROY SKINNY
MLEWLT499,MLE,WLT,499,EVA DESTROY SKINNY
MLEWLT599,MLE,WLT,599,FRILLY SHORT
MLEWLT799,MLE,WLT,799,FRILLY SHORT
NONMSC100,NON,MSC,100,FRILLY SHORT
NWBJN1100,NWB,JN1,100,FRILLY SHORT
NWBJN1150,NWB,JN1,150,FRILLY SHORT
NWBJN1320,NWB,JN1,320,ANITA BIBB FRONT LACE CAMI
NWBJN1360,NWB,JN1,360,CONNIE SS EMB DOBBY TOP
NWBJNS184,NWB,JNS,184,ZIP POCKET SHORTY
NWBJNS350,NWB,JNS,350,ZIP POCKET SHORTY
NWBSET256,NWB,SET,256,FRILLY SHORT
NWBSET340,NWB,SET,340,FRILLY SHORT
NWBSET440,NWB,SET,440,CASEY SL DOBBY HALTER
NWBTS150,NWB,TS1,150,CASEY SL DOBBY HALTER
NWGDR1260,NWG,DR1,260,CASEY SL DOBBY HALTER
NWGDR2260,NWG,DR2,260,EVA DESTROY SKINNY
NWGDRS204,NWG,DRS,204,EVA DESTROY SKINNY
NWGJN1100,NWG,JN1,100,SUZETTE SUPERSKINNY
NWGJN1120,NWG,JN1,120,SUZETTE BAR STRIPE SUPERSKINNY
NWGJN1150,NWG,JN1,150,Herriott Short
NWGJN150,NWG,JN1,150,HIGH WAIST FRAY SHORT
NWGJN180,NWG,JN1,180,GIMLET SHORT
NWGJNS179,NWG,JNS,179,DYANNE DIP DYED SHORT
NWGJNS218,NWG,JNS,218,DYANNE DIP DYED SHORT
NWGJNS80,NWG,JNS,80,"GINA 5"""""""" TWILL SHORT"
NWGKNT160,NWG,KNT,160,"GINA 5"""""""" TWILL SHORT"
NWGSET320,NWG,SET,320,STACIE STUDDED SHORT
NWGSET380,NWG,SET,380,DAMSEL HIGH RISE SHORTY
NWGSH1208,NWG,SH1,208,DAMSEL HIGH RISE SHORTY
NWGSH1399,NWG,SH1,399,DAMSEL HIGH RISE SHORTY
NWGSH150,NWG,SH1,150,DAMSEL HIGH RISE SHORTY
NWGSK1100,NWG,SK1,100,DAMSEL HIGH RISE SHORTY
NWGTSH138,NWG,TSH,138,SUZETTE BAR STRIPE SUPERSKINNY
KDGDR2198,DR2,KDG,1198,SUZETTE BAR STRIPE SUPERSKINNY
BBBJNS599,JNS,BBB,1599,SUZETTE BAR STRIPE SUPERSKINNY
BBGJNS699,JNS,BBG,1699,SUZETTE BAR STRIPE SUPERSKINNY
FEMJNS998,JNS,FEM,1998,LACINDA CAPRI
FEMJNS999,JNS,FEM,1999,LACINDA CAPRI
FEMJNS299,JNS,FEM,2299,ZIP POCKET SHORTY
FEMJNS399,JNS,FEM,2399,ZIP POCKET SHORTY
KDBJNS599,JNS,KDB,1599,CASEY SL DOBBY HALTER
KDGJNS799,JNS,KDG,1799,CONNIE SS EMB DOBBY TOP
BBBSH1699,SH1,BBB,699,SUZETTE SUPERSKINNY JEAN
BBBTSH9.2,TSH,BBB,39.2,SUZETTE SUPERSKINNY JEAN
BBBTSH9.2,TSH,BBB,79.2,Str. Suzette Super Skinny
BBBTSH499,TSH,BBB,499,Str. Suzette Super Skinny
BBBTSH531,TSH,BBB,531,CONNIE SS EMB DOBBY TOP
BBBTSH590,TSH,BBB,590,mavis zip halter bustier
BBBTSH595,TSH,BBB,595,Str. Suzette Super Skinny
BBBTSH690,TSH,BBB,690,Str. Suzette Super Skinny
BBBTSH790,TSH,BBB,790,JILL LS TIE-BACK TOP
BBGTSH399,TSH,BBG,399,LINDA SS RUFFLE TOP
BBGTSH499,TSH,BBG,499,SALVATRICE TOP
BBGTSH599,TSH,BBG,599,SALVATRICE TOP
FEMTSH599,TSH,FEM,599,SALVATRICE TOP
FEMTSH698,TSH,FEM,698,Sparkle SL Crop Top
FEMTSH798,TSH,FEM,798,Valentina LS Ruffle Neck Top
FEMTSH799,TSH,FEM,799,Valentina LS Ruffle Neck Top
KDBTSH399,TSH,KDB,399,Celeste SS Pinstripe Beltd Top
KDBTSH599,TSH,KDB,599,JILL LS TIE-BACK TOP
KDBTSH690,TSH,KDB,690,JILL LS TIE-BACK TOP
KDBTSH711,TSH,KDB,711,SALVATRICE TOP
KDBTSH790,TSH,KDB,790,WINLEY TOP
KDBTSH795,TSH,KDB,795,Valentina LS Ruffle Neck Top
KDBTSH890,TSH,KDB,890,Adelay Bustier
KDGTSH399,TSH,KDG,399,Flarita SS Open Back Geo Print
KDGTSH599,TSH,KDG,599,Flarita SS Open Bk Abstrct Flr
KDGTSH690,TSH,KDG,690,Flarita SS Open Bk Abstrct Flr
KDGTSH790,TSH,KDG,790,Flarita SS Open Bk Abstrct Flr
MLETSH698,TSH,MLE,698,Donica SS Floral Print Top
MLETSH798,TSH,MLE,798,Donica SS Floral Print Top
FEMJNS1998,JNS,MLE,1998,Delane LS Abstract Floral Top
KDGJNS1799,JNS,KDG,1799,Donica SS Zebra Print Top
FEMJNS2299,JNS,FEM,2299,Donica SS Zebra Print Top
KDGDR21198,DR2,KDG,1198,Donica SS Zebra Print Top
BBBJNS1599,JNS,BBB,1599,Rosana LS Button Down Top
BBGJNS1699,JNS,BBG,1699,Sasha Belted One Shoulder Top
FEMJNS1999,JNS,FEM,1999,Sasha Belted One Shoulder Top
FEMJNS2399,JNS,FEM,2399,Delane LS Abstract Floral Top
KDBJNS1599,JNS,KDB,1599,Delane LS Abstract Floral Top
BBBTSH239,TSH,BBB,239,Celia SL Bustier
BBBTSH279,TSH,BBB,279,Celia SL Bustier
